{
    "backend": "tensorflow",
    "platform": null,
    "nthreads": 1,
    "optimizer": "sgd",
    "optimizer_options": "{ \"optimizer\": \"Adam\", \"learning_rate\": 0.05, \"nmessage\": 1, \"nepochs\": 1000 }",
    "tol": 1e-10,
    "decay_rate_lr": 1.0,
    "nqubits": 11,
    "nlayers": 20,
    "output_folder": "results/big_architectures",
    "nboost": 1,
    "boost_frequency": 1000,
    "dbi_steps": 0,
    "stepsize": 0.01,
    "optimize_dbi_step": false,
    "store_h": null,
    "hamiltonian": "XXZ",
    "seed": "42",
    "nshots": null,
    "true_ground_energy": -15.943394164706303,
    "feval": [],
    "energy": 5.5,
    "fluctuations": 0.0,
    "reached_accuracy": 0.17062654497370922
}