{
    "backend": "tensorflow",
    "platform": null,
    "nthreads": 1,
    "optimizer": "sgd",
    "optimizer_options": "{ \"optimizer\": \"Adam\", \"learning_rate\": 0.01, \"nmessage\": 1, \"nepochs\": 20 }",
    "tol": 1e-10,
    "decay_rate_lr": 1.0,
    "nqubits": 3,
    "nlayers": 1,
    "output_folder": "results/tfim",
    "nboost": 1,
    "boost_frequency": 20,
    "dbi_steps": 0,
    "stepsize": 0.01,
    "optimize_dbi_step": false,
    "store_h": null,
    "hamiltonian": "TFIM",
    "seed": "42",
    "nshots": null,
    "true_ground_energy": -9.291502622129183,
    "feval": [],
    "energy": -3.0,
    "fluctuations": 5.196152422706632,
    "reached_accuracy": 10.970676205555685
}