{
    "backend": "tensorflow",
    "platform": null,
    "nthreads": 1,
    "optimizer": "sgd",
    "optimizer_options": "{ \"optimizer\": \"Adagrad\", \"learning_rate\": 0.1, \"nmessage\": 1, \"nepochs\": 2000 }",
    "tol": 1e-08,
    "nqubits": 10,
    "nlayers": 10,
    "output_folder": "results/sgd_pure_exact",
    "nboost": 1,
    "boost_frequency": 2000,
    "dbi_steps": 0,
    "stepsize": 0.01,
    "optimize_dbi_step": false,
    "store_h": null,
    "hamiltonian": "XXZ",
    "seed": "51",
    "nshots": null,
    "true_ground_energy": -15.276131122065937,
    "feval": [],
    "energy": 5.0,
    "fluctuations": 0.0,
    "reached_accuracy": 0.580905460119256
}