{
    "backend": "tensorflow",
    "platform": null,
    "nthreads": 1,
    "optimizer": "sgd",
    "optimizer_options": "{ \"optimizer\": \"Adam\", \"learning_rate\": 0.005, \"nmessage\": 1, \"nepochs\": 500 }",
    "tol": 1e-10,
    "decay_rate_lr": 1.0,
    "nqubits": 10,
    "nlayers": 25,
    "output_folder": "results/big_architectures_small_lr",
    "nboost": 1,
    "boost_frequency": 500,
    "dbi_steps": 0,
    "stepsize": 0.01,
    "optimize_dbi_step": false,
    "store_h": null,
    "hamiltonian": "XXZ",
    "seed": "42",
    "nshots": null,
    "true_ground_energy": -15.276131122065937,
    "feval": [],
    "energy": 5.0,
    "fluctuations": 0.0,
    "reached_accuracy": 2.0828682471085216
}