{
    "backend": "numpy",
    "platform": null,
    "nthreads": 1,
    "optimizer": "BFGS",
    "tol": 1e-10,
    "accuracy": 0.1,
    "nqubits": 8,
    "nlayers": 5,
    "output_folder": "results/pure_vqe",
    "nboost": 1,
    "boost_frequency": 50000,
    "dbi_steps": 0,
    "stepsize": 0.01,
    "optimize_dbi_step": false,
    "store_h": null,
    "hamiltonian": "XXZ",
    "seed": "42",
    "shot_train": null,
    "nshots": 10000,
    "true_ground_energy": -12.347977420549547,
    "energy": 4.0,
    "fluctuations": 0.0
}