{
    "backend": "tensorflow",
    "platform": null,
    "nthreads": 1,
    "optimizer": "sgd",
    "optimizer_options": "{ \"optimizer\": \"Adam\", \"learning_rate\": 0.01, \"nmessage\": 1, \"nepochs\": 20 }",
    "tol": 1e-10,
    "decay_rate_lr": 0.05,
    "nqubits": 3,
    "nlayers": 1,
    "output_folder": "results/xyz",
    "nboost": 1,
    "boost_frequency": 20,
    "dbi_steps": 0,
    "stepsize": 0.01,
    "optimize_dbi_step": false,
    "store_h": null,
    "hamiltonian": "XYZ",
    "seed": "42",
    "nshots": null,
    "true_ground_energy": -2.0000000000000027,
    "feval": [],
    "energy": 1.5,
    "fluctuations": 0.8660254037844386,
    "reached_accuracy": 0.3822813440882584
}