{
    "backend": "tensorflow",
    "platform": null,
    "nthreads": 1,
    "optimizer": "sgd",
    "optimizer_options": "{ \"optimizer\": \"Adam\", \"learning_rate\": 0.05, \"nmessage\": 1, \"nepochs\": 500 }",
    "tol": 1e-10,
    "decay_rate_lr": 1.0,
    "nqubits": 12,
    "nlayers": 50,
    "output_folder": "results/big_architectures",
    "nboost": 1,
    "boost_frequency": 500,
    "dbi_steps": 0,
    "stepsize": 0.01,
    "optimize_dbi_step": false,
    "store_h": null,
    "hamiltonian": "XXZ",
    "seed": "42",
    "nshots": null,
    "true_ground_energy": -18.229089763321912,
    "feval": [],
    "energy": 6.0,
    "fluctuations": 0.0,
    "reached_accuracy": 5.4923610476393385
}