{
    "backend": "tensorflow",
    "platform": null,
    "nthreads": 1,
    "optimizer": "sgd",
    "optimizer_options": "{ \"optimizer\": \"Adam\", \"learning_rate\": 0.01, \"nmessage\": 1, \"nepochs\": 2000 }",
    "tol": 1e-10,
    "decay_rate_lr": 0.05,
    "nqubits": 10,
    "nlayers": 5,
    "output_folder": "results/xyz",
    "nboost": 1,
    "boost_frequency": 2000,
    "dbi_steps": 0,
    "stepsize": 0.01,
    "optimize_dbi_step": false,
    "store_h": null,
    "hamiltonian": "XYZ",
    "seed": "42",
    "nshots": null,
    "true_ground_energy": -12.489167312418763,
    "feval": [],
    "energy": 5.0,
    "fluctuations": 1.5811388300841898,
    "reached_accuracy": 0.2067110197329054
}