{
    "backend": "tensorflow",
    "platform": null,
    "nthreads": 1,
    "optimizer": "sgd",
    "optimizer_options": "{ \"optimizer\": \"Adam\", \"learning_rate\": 0.01, \"nmessage\": 1, \"nepochs\": 2000 }",
    "tol": 1e-10,
    "decay_rate_lr": 1.0,
    "nqubits": 10,
    "nlayers": 15,
    "output_folder": "results/tfim",
    "nboost": 1,
    "boost_frequency": 2000,
    "dbi_steps": 0,
    "stepsize": 0.01,
    "optimize_dbi_step": false,
    "store_h": null,
    "hamiltonian": "TFIM",
    "seed": "42",
    "nshots": null,
    "true_ground_energy": -100.25015664234304,
    "feval": [],
    "energy": -10.0,
    "fluctuations": 31.622776601683793,
    "reached_accuracy": 0.002744303023490602
}